Filenames,Year
VIIRS-Flood-5day-GLB096_v1r0_blend_s201201211025380_e201201251236100_c202205190031193,2012
VIIRS-Flood-5day-GLB097_v1r0_blend_s201201211024120_e201201251055100_c202205190031269,2012
VIIRS-Flood-5day-GLB096_v1r0_blend_s201201261032000_e201201301242320_c202205190031255,2012
VIIRS-Flood-5day-GLB097_v1r0_blend_s201201261030340_e201201301101340_c202205190031331,2012
VIIRS-Flood-5day-GLB096_v1r0_blend_s201202011020530_e201202051230000_c202205240534034,2012
VIIRS-Flood-5day-GLB097_v1r0_blend_s201202011018020_e201202051049000_c202205240534159,2012
VIIRS-Flood-5day-GLB096_v1r0_blend_s201202061025510_e201202101236240_c202205240534101,2012
VIIRS-Flood-5day-GLB097_v1r0_blend_s201202061024260_e201202101055240_c202205240534228,2012
VIIRS-Flood-5day-GLB096_v1r0_blend_s201202111030490_e201202151242470_c202205240534111,2012
VIIRS-Flood-5day-GLB097_v1r0_blend_s201202111030490_e201202151101470_c202205240534236,2012
VIIRS-Flood-5day-GLB096_v1r0_blend_s201202161037110_e201202201249100_c202205240532298,2012
VIIRS-Flood-5day-GLB097_v1r0_blend_s201202161037110_e201202201108100_c202205240532408,2012
VIIRS-Flood-5day-GLB096_v1r0_blend_s201202211043350_e201202251255330_c202205240534196,2012
VIIRS-Flood-5day-GLB097_v1r0_blend_s201202211043350_e201202251114330_c202205240534321,2012
VIIRS-Flood-5day-GLB096_v1r0_blend_s201202251108530_e201202291318020_c202205240534524,2012
VIIRS-Flood-5day-GLB097_v1r0_blend_s201202250927520_e201202291139520_c202205240535049,2012
VIIRS-Flood-5day-GLB096_v1r0_blend_s201203011115160_e201203051146160_c202205240534559,2012
VIIRS-Flood-5day-GLB097_v1r0_blend_s201203010934160_e201203051146160_c202205240535078,2012
VIIRS-Flood-5day-GLB096_v1r0_blend_s201203061121400_e201203101152380_c202205240531501,2012
VIIRS-Flood-5day-GLB097_v1r0_blend_s201203060940400_e201203101152380_c202205240532020,2012
VIIRS-Flood-5day-GLB096_v1r0_blend_s201203111128020_e201203151159020_c202205240535109,2012
VIIRS-Flood-5day-GLB097_v1r0_blend_s201203110947020_e201203151159020_c202205240535234,2012
VIIRS-Flood-5day-GLB096_v1r0_blend_s201203161134260_e201203201205240_c202205240535158,2012
VIIRS-Flood-5day-GLB097_v1r0_blend_s201203160953260_e201203201205240_c202205240535285,2012
VIIRS-Flood-5day-GLB096_v1r0_blend_s201203271128170_e201203301218100_c202205240533445,2012
VIIRS-Flood-5day-GLB097_v1r0_blend_s201203270947160_e201203301215190_c202205240533544,2012
VIIRS-Flood-5day-GLB096_v1r0_blend_s201204011134400_e201204051205380_c202205240535278,2012
VIIRS-Flood-5day-GLB097_v1r0_blend_s201204010953390_e201204051204120_c202205240535397,2012
VIIRS-Flood-5day-GLB096_v1r0_blend_s201204061141030_e201204101212010_c202205240535373,2012
VIIRS-Flood-5day-GLB097_v1r0_blend_s201204060958380_e201204101210360_c202205240535499,2012
VIIRS-Flood-5day-GLB096_v1r0_blend_s201204111146000_e201204151218250_c202205240527079,2012
VIIRS-Flood-5day-GLB097_v1r0_blend_s201204111005010_e201204151215340_c202205240527155,2012
VIIRS-Flood-5day-GLB096_v1r0_blend_s201204161017050_e201204201224480_c202205240527152,2012
VIIRS-Flood-5day-GLB097_v1r0_blend_s201204161011230_e201204201219060_c202205240527227,2012
VIIRS-Flood-5day-GLB096_v1r0_blend_s201204211020370_e201204251229440_c202205240527190,2012
VIIRS-Flood-5day-GLB097_v1r0_blend_s201204211017460_e201204251048460_c202205240527266,2012
VIIRS-Flood-5day-GLB096_v1r0_blend_s201204261025350_e201204301236080_c202206011843347,2012
VIIRS-Flood-5day-GLB097_v1r0_blend_s201204261024100_e201204301055080_c202206011843469,2012
VIIRS-Flood-5day-GLB096_v1r0_blend_s201205011030340_e201205051242320_c202206011843455,2012
VIIRS-Flood-5day-GLB097_v1r0_blend_s201205011030340_e201205051101320_c202206011843579,2012
VIIRS-Flood-5day-GLB096_v1r0_blend_s201205061036550_e201205101248550_c202206011843512,2012
VIIRS-Flood-5day-GLB097_v1r0_blend_s201205061036550_e201205101107550_c202206011844034,2012
VIIRS-Flood-5day-GLB096_v1r0_blend_s201205111043190_e201205151255170_c202206011844010,2012
VIIRS-Flood-5day-GLB097_v1r0_blend_s201205111043190_e201205151114170_c202206011844133,2012
VIIRS-Flood-5day-GLB096_v1r0_blend_s201205161049430_e201205201301410_c202206011844045,2012
VIIRS-Flood-5day-GLB097_v1r0_blend_s201205161049430_e201205201120410_c202206011844170,2012
VIIRS-Flood-5day-GLB096_v1r0_blend_s201205211056050_e201205251308040_c202206011844213,2012
VIIRS-Flood-5day-GLB097_v1r0_blend_s201205210917570_e201205251127040_c202206011844339,2012
VIIRS-Flood-5day-GLB096_v1r0_blend_s201205261102280_e201205301313010_c202206011844277,2012
VIIRS-Flood-5day-GLB097_v1r0_blend_s201205260922530_e201205301132030_c202206011844403,2012
VIIRS-Flood-5day-GLB096_v1r0_blend_s201206011049560_e201206051300290_c202206011844343,2012
VIIRS-Flood-5day-GLB097_v1r0_blend_s201206011048310_e201206051119290_c202206011844465,2012
VIIRS-Flood-5day-GLB096_v1r0_blend_s201206061056200_e201206101306530_c202206011844423,2012
VIIRS-Flood-5day-GLB097_v1r0_blend_s201206060918110_e201206101125520_c202206011844546,2012
VIIRS-Flood-5day-GLB096_v1r0_blend_s201206111101160_e201206151313160_c202206011844535,2012
VIIRS-Flood-5day-GLB097_v1r0_blend_s201206110923070_e201206151132160_c202206011845059,2012
VIIRS-Flood-5day-GLB096_v1r0_blend_s201206161107400_e201206201316480_c202206011844539,2012
VIIRS-Flood-5day-GLB097_v1r0_blend_s201206160926400_e201206201138380_c202206011845059,2012
VIIRS-Flood-5day-GLB096_v1r0_blend_s201206211114040_e201206251145010_c202206011843380,2012
VIIRS-Flood-5day-GLB097_v1r0_blend_s201206210933040_e201206251145010_c202206011843488,2012
VIIRS-Flood-5day-GLB096_v1r0_blend_s201206261120270_e201206301151250_c202206011845026,2012
VIIRS-Flood-5day-GLB097_v1r0_blend_s201206260939270_e201206301151250_c202206011845149,2012
VIIRS-Flood-5day-GLB096_v1r0_blend_s201207011126500_e201207051157480_c202206011845111,2012
VIIRS-Flood-5day-GLB097_v1r0_blend_s201207010945490_e201207051157480_c202206011845230,2012
VIIRS-Flood-5day-GLB096_v1r0_blend_s201207061133120_e201207101204100_c202206011937335,2012
VIIRS-Flood-5day-GLB097_v1r0_blend_s201207060952110_e201207101204100_c202206011937435,2012
VIIRS-Flood-5day-GLB096_v1r0_blend_s201207111139350_e201207151210330_c202206011938584,2012
VIIRS-Flood-5day-GLB097_v1r0_blend_s201207110958350_e201207151210330_c202206011939060,2012
VIIRS-Flood-5day-GLB096_v1r0_blend_s201207161145570_e201207201216570_c202206011939015,2012
VIIRS-Flood-5day-GLB097_v1r0_blend_s201207161004590_e201207201214060_c202206011939090,2012
VIIRS-Flood-5day-GLB096_v1r0_blend_s201207211015370_e201207251223190_c202206011938578,2012
VIIRS-Flood-5day-GLB097_v1r0_blend_s201207211011210_e201207251219040_c202206011939093,2012
VIIRS-Flood-5day-GLB096_v1r0_blend_s201207261020350_e201207301229420_c202206011939446,2012
VIIRS-Flood-5day-GLB097_v1r0_blend_s201207261017440_e201207301048420_c202206011939521,2012
VIIRS-Flood-5day-GLB096_v1r0_blend_s201208011146120_e201208051217100_c202206011939007,2012
VIIRS-Flood-5day-GLB097_v1r0_blend_s201208011003470_e201208051214190_c202206011939124,2012
VIIRS-Flood-5day-GLB096_v1r0_blend_s201208061015500_e201208101223340_c202206011939321,2012
VIIRS-Flood-5day-GLB097_v1r0_blend_s201208061010100_e201208101219180_c202206011939410,2012
VIIRS-Flood-5day-GLB096_v1r0_blend_s201208111020490_e201208151229560_c202206011939438,2012
VIIRS-Flood-5day-GLB097_v1r0_blend_s201208111016320_e201208151048570_c202206011939515,2012
VIIRS-Flood-5day-GLB096_v1r0_blend_s201208161024210_e201208201234540_c202206011939233,2012
VIIRS-Flood-5day-GLB097_v1r0_blend_s201208161022560_e201208201053540_c202206011939358,2012
VIIRS-Flood-5day-GLB096_v1r0_blend_s201208211030450_e201208251241180_c202206011938586,2012
VIIRS-Flood-5day-GLB097_v1r0_blend_s201208211029200_e201208251100180_c202206011939103,2012
VIIRS-Flood-5day-GLB096_v1r0_blend_s201208261037070_e201208301247400_c202206011940081,2012
VIIRS-Flood-5day-GLB097_v1r0_blend_s201208261035420_e201208301106410_c202206011940195,2012
VIIRS-Flood-5day-GLB096_v1r0_blend_s201209011024350_e201209051235080_c202206071317007,2012
VIIRS-Flood-5day-GLB097_v1r0_blend_s201209011023100_e201209051054080_c202206071317130,2012
VIIRS-Flood-5day-GLB096_v1r0_blend_s201209061029330_e201209101241310_c202206071317091,2012
VIIRS-Flood-5day-GLB097_v1r0_blend_s201209061029330_e201209101100310_c202206071317219,2012
VIIRS-Flood-5day-GLB096_v1r0_blend_s201209111035550_e201209151247550_c202206071317093,2012
VIIRS-Flood-5day-GLB097_v1r0_blend_s201209111035550_e201209151106550_c202206071317215,2012
VIIRS-Flood-5day-GLB096_v1r0_blend_s201209161042190_e201209201254170_c202206071317151,2012
VIIRS-Flood-5day-GLB097_v1r0_blend_s201209161042190_e201209201113170_c202206071317275,2012
VIIRS-Flood-5day-GLB096_v1r0_blend_s201209211048430_e201209251300410_c202206071317252,2012
VIIRS-Flood-5day-GLB097_v1r0_blend_s201209211048430_e201209251119410_c202206071317376,2012
VIIRS-Flood-5day-GLB096_v1r0_blend_s201209261055050_e201209301307050_c202206071317199,2012
VIIRS-Flood-5day-GLB097_v1r0_blend_s201209260916550_e201209301126040_c202206071317321,2012
VIIRS-Flood-5day-GLB096_v1r0_blend_s201210011101280_e201210051312010_c202206071317219,2012
VIIRS-Flood-5day-GLB097_v1r0_blend_s201210010921540_e201210051132260_c202206071317342,2012
VIIRS-Flood-5day-GLB096_v1r0_blend_s201210061107520_e201210101317000_c202206071312172,2012
VIIRS-Flood-5day-GLB097_v1r0_blend_s201210060926520_e201210101137250_c202206071312259,2012
VIIRS-Flood-5day-GLB096_v1r0_blend_s201210111114140_e201210151145120_c202206071313136,2012
VIIRS-Flood-5day-GLB097_v1r0_blend_s201210110933140_e201210151143490_c202206071313251,2012
VIIRS-Flood-5day-GLB096_v1r0_blend_s201210161120380_e201210201151360_c202206071312520,2012
VIIRS-Flood-5day-GLB097_v1r0_blend_s201210160939380_e201210201150110_c202206071313048,2012
VIIRS-Flood-5day-GLB096_v1r0_blend_s201210211127000_e201210251158000_c202206071313072,2012
VIIRS-Flood-5day-GLB097_v1r0_blend_s201210210946020_e201210251156350_c202206071313150,2012
VIIRS-Flood-5day-GLB096_v1r0_blend_s201210261133240_e201210301204220_c202206071312038,2012
VIIRS-Flood-5day-GLB097_v1r0_blend_s201210260950580_e201210301202570_c202206071312148,2012
VIIRS-Flood-5day-GLB096_v1r0_blend_s201211011120520_e201211051151510_c202206071312402,2012
VIIRS-Flood-5day-GLB097_v1r0_blend_s201211010938270_e201211051150250_c202206071312490,2012
VIIRS-Flood-5day-GLB096_v1r0_blend_s201211061125490_e201211101158130_c202206071313031,2012
VIIRS-Flood-5day-GLB097_v1r0_blend_s201211060944490_e201211101156470_c202206071313109,2012
VIIRS-Flood-5day-GLB096_v1r0_blend_s201211111132130_e201211151204370_c202206071312295,2012
VIIRS-Flood-5day-GLB097_v1r0_blend_s201211110951130_e201211151203110_c202206071312388,2012
VIIRS-Flood-5day-GLB096_v1r0_blend_s201211161138350_e201211201210590_c202206071313387,2012
VIIRS-Flood-5day-GLB097_v1r0_blend_s201211160957350_e201211201209330_c202206071313488,2012
VIIRS-Flood-5day-GLB096_v1r0_blend_s201211211144590_e201211251215580_c202206071312171,2012
VIIRS-Flood-5day-GLB097_v1r0_blend_s201211211003590_e201211251214330_c202206071312258,2012
VIIRS-Flood-5day-GLB096_v1r0_blend_s201211261016030_e201211301222200_c202206071407451,2012
VIIRS-Flood-5day-GLB097_v1r0_blend_s201211261010220_e201211301218040_c202206071407528,2012
VIIRS-Flood-5day-GLB096_v1r0_blend_s201212011019360_e201212051228440_c202206071407416,2012
VIIRS-Flood-5day-GLB097_v1r0_blend_s201212011016460_e201212051047430_c202206071407493,2012
VIIRS-Flood-5day-GLB096_v1r0_blend_s201212061024330_e201212101235070_c202206071407420,2012
VIIRS-Flood-5day-GLB097_v1r0_blend_s201212061023070_e201212101054070_c202206071407499,2012
VIIRS-Flood-5day-GLB096_v1r0_blend_s201212111029310_e201212151241290_c202206071407474,2012
VIIRS-Flood-5day-GLB097_v1r0_blend_s201212111029310_e201212151100290_c202206071407552,2012
VIIRS-Flood-5day-GLB096_v1r0_blend_s201212161035550_e201212201247530_c202206071407465,2012
VIIRS-Flood-5day-GLB097_v1r0_blend_s201212161035550_e201212201106530_c202206071407543,2012
VIIRS-Flood-5day-GLB096_v1r0_blend_s201212211042170_e201212251254160_c202206071407471,2012
VIIRS-Flood-5day-GLB097_v1r0_blend_s201212211042170_e201212251113160_c202206071407548,2012
VIIRS-Flood-5day-GLB096_v1r0_blend_s201212261048400_e201212301300380_c202206071407551,2012
VIIRS-Flood-5day-GLB097_v1r0_blend_s201212261048400_e201212301119400_c202206071408027,2012
